{
  "validation_results": [
    {
      "accuracy": 17.880794701986755,
      "correct": 108,
      "total": 604,
      "epoch": 0,
      "step": 0
    }
  ],
  "baseline_accuracy": 17.880794701986755,
  "final_accuracy": 17.880794701986755,
  "total_change": 0.0
}